{"v":"5.10.0","fr":30,"ip":0,"op":51,"w":540,"h":244,"nm":"car blink","ddd":0,"assets":[],"layers":[{"ddd":0,"ind":1,"ty":4,"nm":"Layer 5","sr":1,"ks":{"o":{"a":0,"k":100,"ix":11},"r":{"a":0,"k":0,"ix":10},"p":{"a":0,"k":[117.5,155.646,0],"ix":2,"l":2},"a":{"a":0,"k":[7.55,8.109,0],"ix":1,"l":2},"s":{"a":0,"k":[189,189,100],"ix":6,"l":2}},"ao":0,"shapes":[{"ty":"gr","it":[{"ind":0,"ty":"sh","ix":1,"ks":{"a":0,"k":{"i":[[2.452,1.269],[0,0],[-1.269,2.452],[0,0],[-2.452,-1.269],[0,0],[1.268,-2.452],[0,0]],"o":[[0,0],[-2.452,-1.268],[0,0],[1.269,-2.452],[0,0],[2.451,1.269],[0,0],[-1.269,2.452]],"v":[[-2.581,6.59],[-3.889,5.913],[-6.031,-0.824],[-4.156,-4.448],[2.581,-6.59],[3.889,-5.913],[6.032,0.824],[4.156,4.448]],"c":true},"ix":2},"nm":"Path 1","mn":"ADBE Vector Shape - Group","hd":false},{"ty":"fl","c":{"a":0,"k":[1,1,1,1],"ix":4},"o":{"a":0,"k":100,"ix":5},"r":1,"bm":0,"nm":"Fill 1","mn":"ADBE Vector Graphic - Fill","hd":false},{"ty":"tr","p":{"a":0,"k":[7.549,8.109],"ix":2},"a":{"a":0,"k":[0,0],"ix":1},"s":{"a":0,"k":[100,100],"ix":3},"r":{"a":0,"k":0,"ix":6},"o":{"a":0,"k":100,"ix":7},"sk":{"a":0,"k":0,"ix":4},"sa":{"a":0,"k":0,"ix":5},"nm":"Transform"}],"nm":"Group 1","np":2,"cix":2,"bm":0,"ix":1,"mn":"ADBE Vector Group","hd":false}],"ip":0,"op":51,"st":0,"ct":1,"bm":0},{"ddd":0,"ind":2,"ty":4,"nm":"Layer 7","sr":1,"ks":{"o":{"a":0,"k":100,"ix":11},"r":{"a":0,"k":0,"ix":10},"p":{"a":0,"k":[149.496,180.604,0],"ix":2,"l":2},"a":{"a":0,"k":[38.557,32.627,0],"ix":1,"l":2},"s":{"a":0,"k":[189,189,100],"ix":6,"l":2}},"ao":0,"shapes":[{"ty":"gr","it":[{"ind":0,"ty":"sh","ix":1,"ks":{"a":0,"k":{"i":[[0,-17.847],[3.937,-5.201],[1.241,-1.217],[1.647,-1.145],[8.923,0],[6.872,4.867],[1.336,1.36],[0.93,1.288],[0,6.156],[-21.116,0]],"o":[[0,6.156],[-0.954,1.312],[-1.336,1.336],[-6.871,4.867],[-8.924,0],[-1.646,-1.145],[-1.288,-1.217],[-3.937,-5.201],[0,-17.847],[21.139,0]],"v":[[38.307,0],[32.294,17.346],[28.977,21.116],[24.492,24.838],[-0.012,32.377],[-24.516,24.838],[-29.001,21.092],[-32.294,17.346],[-38.307,0],[-0.012,-32.377]],"c":true},"ix":2},"nm":"Path 1","mn":"ADBE Vector Shape - Group","hd":false},{"ty":"fl","c":{"a":0,"k":[0,0,0,1],"ix":4},"o":{"a":0,"k":100,"ix":5},"r":1,"bm":0,"nm":"Fill 1","mn":"ADBE Vector Graphic - Fill","hd":false},{"ty":"tr","p":{"a":0,"k":[38.557,32.627],"ix":2},"a":{"a":0,"k":[0,0],"ix":1},"s":{"a":0,"k":[100,100],"ix":3},"r":{"a":0,"k":0,"ix":6},"o":{"a":0,"k":100,"ix":7},"sk":{"a":0,"k":0,"ix":4},"sa":{"a":0,"k":0,"ix":5},"nm":"Transform"}],"nm":"Group 1","np":2,"cix":2,"bm":0,"ix":1,"mn":"ADBE Vector Group","hd":false}],"ip":0,"op":51,"st":0,"ct":1,"bm":0},{"ddd":0,"ind":3,"ty":4,"nm":"Layer 8","sr":1,"ks":{"o":{"a":0,"k":100,"ix":11},"r":{"a":0,"k":0,"ix":10},"p":{"a":0,"k":[269.898,114.698,0],"ix":2,"l":2},"a":{"a":0,"k":[142.679,60.937,0],"ix":1,"l":2},"s":{"a":0,"k":[189,189,100],"ix":6,"l":2}},"ao":0,"shapes":[{"ty":"gr","it":[{"ind":0,"ty":"sh","ix":1,"ks":{"a":0,"k":{"i":[[-0.764,1.336],[0,6.466],[25.983,0],[0,-22.786],[-3.054,-5.464],[-0.907,-1.265],[-1.145,-1.217],[0,0],[-0.954,1.336],[-0.763,1.336],[0,6.466],[26.007,0],[0,-22.786],[-3.03,-5.464],[-0.931,-1.265],[-1.145,-1.217],[0,0],[0,0],[0,0],[0,0],[0,0],[0,0],[0,0],[0,0],[0,0],[-0.955,1.336]],"o":[[3.03,-5.464],[0,-22.786],[-26.007,0],[0,6.466],[0.74,1.336],[0.954,1.336],[0,0],[1.145,-1.217],[0.931,-1.265],[3.03,-5.464],[0,-22.786],[-25.983,0],[0,6.466],[0.764,1.336],[0.954,1.336],[0,0],[0,0],[0,0],[0,0],[0,0],[0,0],[0,0],[0,0],[0,0],[1.146,-1.217],[0.93,-1.265]],"v":[[98.481,52.932],[103.229,34.87],[56.083,-6.454],[8.936,34.87],[13.684,52.932],[16.166,56.822],[19.315,60.687],[-26.973,60.687],[-23.823,56.822],[-21.318,52.932],[-16.57,34.87],[-63.716,-6.454],[-110.863,34.87],[-106.115,52.932],[-103.609,56.822],[-100.46,60.687],[-142.429,60.687],[-125.369,-14.209],[-89.556,-14.209],[-76.815,-60.687],[76.817,-60.687],[89.558,-14.209],[125.37,-14.209],[142.429,60.687],[92.825,60.687],[95.976,56.822]],"c":true},"ix":2},"nm":"Path 1","mn":"ADBE Vector Shape - Group","hd":false},{"ty":"fl","c":{"a":0,"k":[0.501960784314,1,0.650980392157,1],"ix":4},"o":{"a":0,"k":100,"ix":5},"r":1,"bm":0,"nm":"Fill 1","mn":"ADBE Vector Graphic - Fill","hd":false},{"ty":"tr","p":{"a":0,"k":[142.679,60.937],"ix":2},"a":{"a":0,"k":[0,0],"ix":1},"s":{"a":0,"k":[100,100],"ix":3},"r":{"a":0,"k":0,"ix":6},"o":{"a":0,"k":100,"ix":7},"sk":{"a":0,"k":0,"ix":4},"sa":{"a":0,"k":0,"ix":5},"nm":"Transform"}],"nm":"Group 1","np":2,"cix":2,"bm":0,"ix":1,"mn":"ADBE Vector Group","hd":false}],"ip":0,"op":51,"st":0,"ct":1,"bm":0},{"ddd":0,"ind":4,"ty":4,"nm":"Layer 11","sr":1,"ks":{"o":{"a":0,"k":100,"ix":11},"r":{"a":0,"k":0,"ix":10},"p":{"a":0,"k":[342.5,155.646,0],"ix":2,"l":2},"a":{"a":0,"k":[7.55,8.109,0],"ix":1,"l":2},"s":{"a":1,"k":[{"i":{"x":[0.68,0.68,0.68],"y":[0.452,0.452,1]},"o":{"x":[0.4,0.4,0.4],"y":[0,0,0]},"t":2,"s":[189,189,100]},{"i":{"x":[0.833,0.833,0.833],"y":[0.833,0.833,0.833]},"o":{"x":[0.167,0.167,0.167],"y":[0.167,0.167,0.167]},"t":9,"s":[0,0,100]},{"i":{"x":[0.58,0.58,0.58],"y":[1,1,1]},"o":{"x":[0.42,0.42,0.42],"y":[0,0,0]},"t":14,"s":[0,0,100]},{"t":20,"s":[189,189,100]}],"ix":6,"l":2}},"ao":0,"shapes":[{"ty":"gr","it":[{"ind":0,"ty":"sh","ix":1,"ks":{"a":0,"k":{"i":[[2.452,1.269],[0,0],[-1.269,2.452],[0,0],[-2.452,-1.269],[0,0],[1.268,-2.452],[0,0]],"o":[[0,0],[-2.452,-1.268],[0,0],[1.269,-2.452],[0,0],[2.451,1.269],[0,0],[-1.269,2.452]],"v":[[-2.581,6.59],[-3.889,5.913],[-6.031,-0.824],[-4.156,-4.448],[2.581,-6.59],[3.889,-5.913],[6.032,0.824],[4.156,4.448]],"c":true},"ix":2},"nm":"Path 1","mn":"ADBE Vector Shape - Group","hd":false},{"ty":"fl","c":{"a":0,"k":[1,1,1,1],"ix":4},"o":{"a":0,"k":100,"ix":5},"r":1,"bm":0,"nm":"Fill 1","mn":"ADBE Vector Graphic - Fill","hd":false},{"ty":"tr","p":{"a":0,"k":[7.549,8.109],"ix":2},"a":{"a":0,"k":[0,0],"ix":1},"s":{"a":0,"k":[100,100],"ix":3},"r":{"a":0,"k":0,"ix":6},"o":{"a":0,"k":100,"ix":7},"sk":{"a":0,"k":0,"ix":4},"sa":{"a":0,"k":0,"ix":5},"nm":"Transform"}],"nm":"Group 1","np":2,"cix":2,"bm":0,"ix":1,"mn":"ADBE Vector Group","hd":false}],"ip":0,"op":51,"st":0,"ct":1,"bm":0},{"ddd":0,"ind":5,"ty":4,"nm":"parpado 3","sr":1,"ks":{"o":{"a":0,"k":100,"ix":11},"r":{"a":0,"k":0,"ix":10},"p":{"a":1,"k":[{"i":{"x":0.52,"y":0.979},"o":{"x":0.48,"y":0.021},"t":0,"s":[377,88.5,0],"to":[0,11.167,0],"ti":[0,0,0]},{"i":{"x":0.52,"y":1},"o":{"x":0.48,"y":0.022},"t":10,"s":[377,155.5,0],"to":[0,0,0],"ti":[0,11.167,0]},{"t":20,"s":[377,88.5,0]}],"ix":2,"l":2},"a":{"a":0,"k":[0,0,0],"ix":1,"l":2},"s":{"a":1,"k":[{"i":{"x":[0.52,0.52,0.52],"y":[0.968,0.968,1]},"o":{"x":[0.48,0.48,0.48],"y":[0.032,0.032,0]},"t":2,"s":[11,11,100]},{"i":{"x":[0.52,0.52,0.52],"y":[1,1,1]},"o":{"x":[0.48,0.48,0.48],"y":[0,0,0]},"t":10,"s":[30,30,100]},{"t":18,"s":[11,11,100]}],"ix":6,"l":2}},"ao":0,"shapes":[{"ty":"gr","it":[{"ind":0,"ty":"sh","ix":1,"ks":{"a":0,"k":{"i":[[0,0],[237.379,0],[0,0],[0,0],[0,0]],"o":[[0,0],[-235.249,0],[0,0],[0,0],[0,0]],"v":[[400,200],[0,3.089],[-400,200],[-400,-200],[400,-200]],"c":true},"ix":2},"nm":"Path 1","mn":"ADBE Vector Shape - Group","hd":false},{"ty":"fl","c":{"a":0,"k":[0.960784373564,0.960784373564,0.960784373564,1],"ix":4},"o":{"a":0,"k":100,"ix":5},"r":1,"bm":0,"nm":"Fill 1","mn":"ADBE Vector Graphic - Fill","hd":false},{"ty":"tr","p":{"a":0,"k":[0,0],"ix":2},"a":{"a":0,"k":[0,0],"ix":1},"s":{"a":0,"k":[100,100],"ix":3},"r":{"a":0,"k":0,"ix":6},"o":{"a":0,"k":100,"ix":7},"sk":{"a":0,"k":0,"ix":4},"sa":{"a":0,"k":0,"ix":5},"nm":"Transform"}],"nm":"Group 1","np":2,"cix":2,"bm":0,"ix":1,"mn":"ADBE Vector Group","hd":false}],"ip":0,"op":51,"st":0,"ct":1,"bm":0},{"ddd":0,"ind":7,"ty":4,"nm":"Layer 10","sr":1,"ks":{"o":{"a":0,"k":100,"ix":11},"r":{"a":0,"k":0,"ix":10},"p":{"a":0,"k":[376.296,180.604,0],"ix":2,"l":2},"a":{"a":0,"k":[38.557,32.627,0],"ix":1,"l":2},"s":{"a":0,"k":[194.67,194.67,100],"ix":6,"l":2}},"ao":0,"shapes":[{"ty":"gr","it":[{"ind":0,"ty":"sh","ix":1,"ks":{"a":0,"k":{"i":[[0,-17.847],[3.937,-5.201],[1.241,-1.217],[1.647,-1.145],[8.923,0],[6.872,4.867],[1.336,1.36],[0.93,1.288],[0,6.156],[-21.116,0]],"o":[[0,6.156],[-0.954,1.312],[-1.336,1.336],[-6.871,4.867],[-8.924,0],[-1.646,-1.145],[-1.288,-1.217],[-3.937,-5.201],[0,-17.847],[21.139,0]],"v":[[38.307,0],[32.294,17.346],[28.977,21.116],[24.492,24.838],[-0.012,32.377],[-24.516,24.838],[-29.001,21.092],[-32.294,17.346],[-38.307,0],[-0.782,-33.404]],"c":true},"ix":2},"nm":"Path 1","mn":"ADBE Vector Shape - Group","hd":false},{"ty":"fl","c":{"a":0,"k":[0,0,0,1],"ix":4},"o":{"a":0,"k":100,"ix":5},"r":1,"bm":0,"nm":"Fill 1","mn":"ADBE Vector Graphic - Fill","hd":false},{"ty":"tr","p":{"a":0,"k":[38.557,32.627],"ix":2},"a":{"a":0,"k":[0,0],"ix":1},"s":{"a":0,"k":[100,100],"ix":3},"r":{"a":0,"k":0,"ix":6},"o":{"a":0,"k":100,"ix":7},"sk":{"a":0,"k":0,"ix":4},"sa":{"a":0,"k":0,"ix":5},"nm":"Transform"}],"nm":"Group 1","np":2,"cix":2,"bm":0,"ix":1,"mn":"ADBE Vector Group","hd":false}],"ip":0,"op":51,"st":0,"ct":1,"bm":0}],"markers":[]}