{"v":"5.10.0","fr":30,"ip":0,"op":660,"w":1920,"h":66,"nm":"ticker 1","ddd":0,"assets":[{"id":"comp_0","nm":"Frame 9227","fr":30,"layers":[{"ddd":0,"ind":1,"ty":5,"nm":"read more","sr":1,"ks":{"o":{"a":0,"k":100,"ix":11},"r":{"a":0,"k":0,"ix":10},"p":{"a":0,"k":[2167.5,12,0],"ix":2,"l":2},"a":{"a":0,"k":[0,0,0],"ix":1,"l":2},"s":{"a":0,"k":[100,100,100],"ix":6,"l":2}},"ao":0,"t":{"d":{"k":[{"s":{"sz":[135,24],"ps":[-67.5,-12],"s":24,"f":"WorkSans-BoldItalic","t":"READ MORE","ca":0,"j":2,"tr":-40,"lh":24,"ls":0,"fc":[0.118,0.118,0.129]},"t":0}]},"p":{},"m":{"g":1,"a":{"a":0,"k":[0,0],"ix":2}},"a":[]},"ip":0,"op":900,"st":0,"ct":1,"bm":0},{"ddd":0,"ind":2,"ty":5,"nm":"read more","sr":1,"ks":{"o":{"a":0,"k":100,"ix":11},"r":{"a":0,"k":0,"ix":10},"p":{"a":0,"k":[1992.5,12,0],"ix":2,"l":2},"a":{"a":0,"k":[0,0,0],"ix":1,"l":2},"s":{"a":0,"k":[100,100,100],"ix":6,"l":2}},"ao":0,"t":{"d":{"k":[{"s":{"sz":[135,24],"ps":[-67.5,-12],"s":24,"f":"WorkSans-BoldItalic","t":"READ MORE","ca":0,"j":2,"tr":-40,"lh":24,"ls":0,"fc":[0.118,0.118,0.129]},"t":0}]},"p":{},"m":{"g":1,"a":{"a":0,"k":[0,0],"ix":2}},"a":[]},"ip":0,"op":900,"st":0,"ct":1,"bm":0},{"ddd":0,"ind":3,"ty":5,"nm":"read more","sr":1,"ks":{"o":{"a":0,"k":100,"ix":11},"r":{"a":0,"k":0,"ix":10},"p":{"a":0,"k":[1817.5,12,0],"ix":2,"l":2},"a":{"a":0,"k":[0,0,0],"ix":1,"l":2},"s":{"a":0,"k":[100,100,100],"ix":6,"l":2}},"ao":0,"t":{"d":{"k":[{"s":{"sz":[135,24],"ps":[-67.5,-12],"s":24,"f":"WorkSans-BoldItalic","t":"READ MORE","ca":0,"j":2,"tr":-40,"lh":24,"ls":0,"fc":[0.118,0.118,0.129]},"t":0}]},"p":{},"m":{"g":1,"a":{"a":0,"k":[0,0],"ix":2}},"a":[]},"ip":0,"op":900,"st":0,"ct":1,"bm":0},{"ddd":0,"ind":4,"ty":5,"nm":"read more","sr":1,"ks":{"o":{"a":0,"k":100,"ix":11},"r":{"a":0,"k":0,"ix":10},"p":{"a":0,"k":[1642.5,12,0],"ix":2,"l":2},"a":{"a":0,"k":[0,0,0],"ix":1,"l":2},"s":{"a":0,"k":[100,100,100],"ix":6,"l":2}},"ao":0,"t":{"d":{"k":[{"s":{"sz":[135,24],"ps":[-67.5,-12],"s":24,"f":"WorkSans-BoldItalic","t":"READ MORE","ca":0,"j":2,"tr":-40,"lh":24,"ls":0,"fc":[0.118,0.118,0.129]},"t":0}]},"p":{},"m":{"g":1,"a":{"a":0,"k":[0,0],"ix":2}},"a":[]},"ip":0,"op":900,"st":0,"ct":1,"bm":0},{"ddd":0,"ind":5,"ty":5,"nm":"read more","sr":1,"ks":{"o":{"a":0,"k":100,"ix":11},"r":{"a":0,"k":0,"ix":10},"p":{"a":0,"k":[1467.5,12,0],"ix":2,"l":2},"a":{"a":0,"k":[0,0,0],"ix":1,"l":2},"s":{"a":0,"k":[100,100,100],"ix":6,"l":2}},"ao":0,"t":{"d":{"k":[{"s":{"sz":[135,24],"ps":[-67.5,-12],"s":24,"f":"WorkSans-BoldItalic","t":"READ MORE","ca":0,"j":2,"tr":-40,"lh":24,"ls":0,"fc":[0.118,0.118,0.129]},"t":0}]},"p":{},"m":{"g":1,"a":{"a":0,"k":[0,0],"ix":2}},"a":[]},"ip":0,"op":900,"st":0,"ct":1,"bm":0},{"ddd":0,"ind":6,"ty":5,"nm":"read more","sr":1,"ks":{"o":{"a":0,"k":100,"ix":11},"r":{"a":0,"k":0,"ix":10},"p":{"a":0,"k":[1292.5,12,0],"ix":2,"l":2},"a":{"a":0,"k":[0,0,0],"ix":1,"l":2},"s":{"a":0,"k":[100,100,100],"ix":6,"l":2}},"ao":0,"t":{"d":{"k":[{"s":{"sz":[135,24],"ps":[-67.5,-12],"s":24,"f":"WorkSans-BoldItalic","t":"READ MORE","ca":0,"j":2,"tr":-40,"lh":24,"ls":0,"fc":[0.118,0.118,0.129]},"t":0}]},"p":{},"m":{"g":1,"a":{"a":0,"k":[0,0],"ix":2}},"a":[]},"ip":0,"op":900,"st":0,"ct":1,"bm":0},{"ddd":0,"ind":7,"ty":5,"nm":"read more","sr":1,"ks":{"o":{"a":0,"k":100,"ix":11},"r":{"a":0,"k":0,"ix":10},"p":{"a":0,"k":[1117.5,12,0],"ix":2,"l":2},"a":{"a":0,"k":[0,0,0],"ix":1,"l":2},"s":{"a":0,"k":[100,100,100],"ix":6,"l":2}},"ao":0,"t":{"d":{"k":[{"s":{"sz":[135,24],"ps":[-67.5,-12],"s":24,"f":"WorkSans-BoldItalic","t":"READ MORE","ca":0,"j":2,"tr":-40,"lh":24,"ls":0,"fc":[0.118,0.118,0.129]},"t":0}]},"p":{},"m":{"g":1,"a":{"a":0,"k":[0,0],"ix":2}},"a":[]},"ip":0,"op":900,"st":0,"ct":1,"bm":0},{"ddd":0,"ind":8,"ty":5,"nm":"read more","sr":1,"ks":{"o":{"a":0,"k":100,"ix":11},"r":{"a":0,"k":0,"ix":10},"p":{"a":0,"k":[942.5,12,0],"ix":2,"l":2},"a":{"a":0,"k":[0,0,0],"ix":1,"l":2},"s":{"a":0,"k":[100,100,100],"ix":6,"l":2}},"ao":0,"t":{"d":{"k":[{"s":{"sz":[135,24],"ps":[-67.5,-12],"s":24,"f":"WorkSans-BoldItalic","t":"READ MORE","ca":0,"j":2,"tr":-40,"lh":24,"ls":0,"fc":[0.118,0.118,0.129]},"t":0}]},"p":{},"m":{"g":1,"a":{"a":0,"k":[0,0],"ix":2}},"a":[]},"ip":0,"op":900,"st":0,"ct":1,"bm":0},{"ddd":0,"ind":9,"ty":5,"nm":"read more","sr":1,"ks":{"o":{"a":0,"k":100,"ix":11},"r":{"a":0,"k":0,"ix":10},"p":{"a":0,"k":[767.5,12,0],"ix":2,"l":2},"a":{"a":0,"k":[0,0,0],"ix":1,"l":2},"s":{"a":0,"k":[100,100,100],"ix":6,"l":2}},"ao":0,"t":{"d":{"k":[{"s":{"sz":[135,24],"ps":[-67.5,-12],"s":24,"f":"WorkSans-BoldItalic","t":"READ MORE","ca":0,"j":2,"tr":-40,"lh":24,"ls":0,"fc":[0.118,0.118,0.129]},"t":0}]},"p":{},"m":{"g":1,"a":{"a":0,"k":[0,0],"ix":2}},"a":[]},"ip":0,"op":900,"st":0,"ct":1,"bm":0},{"ddd":0,"ind":10,"ty":5,"nm":"read more","sr":1,"ks":{"o":{"a":0,"k":100,"ix":11},"r":{"a":0,"k":0,"ix":10},"p":{"a":0,"k":[592.5,12,0],"ix":2,"l":2},"a":{"a":0,"k":[0,0,0],"ix":1,"l":2},"s":{"a":0,"k":[100,100,100],"ix":6,"l":2}},"ao":0,"t":{"d":{"k":[{"s":{"sz":[135,24],"ps":[-67.5,-12],"s":24,"f":"WorkSans-BoldItalic","t":"READ MORE","ca":0,"j":2,"tr":-40,"lh":24,"ls":0,"fc":[0.118,0.118,0.129]},"t":0}]},"p":{},"m":{"g":1,"a":{"a":0,"k":[0,0],"ix":2}},"a":[]},"ip":0,"op":900,"st":0,"ct":1,"bm":0},{"ddd":0,"ind":11,"ty":5,"nm":"read more","sr":1,"ks":{"o":{"a":0,"k":100,"ix":11},"r":{"a":0,"k":0,"ix":10},"p":{"a":0,"k":[417.5,12,0],"ix":2,"l":2},"a":{"a":0,"k":[0,0,0],"ix":1,"l":2},"s":{"a":0,"k":[100,100,100],"ix":6,"l":2}},"ao":0,"t":{"d":{"k":[{"s":{"sz":[135,24],"ps":[-67.5,-12],"s":24,"f":"WorkSans-BoldItalic","t":"READ MORE","ca":0,"j":2,"tr":-40,"lh":24,"ls":0,"fc":[0.118,0.118,0.129]},"t":0}]},"p":{},"m":{"g":1,"a":{"a":0,"k":[0,0],"ix":2}},"a":[]},"ip":0,"op":900,"st":0,"ct":1,"bm":0},{"ddd":0,"ind":12,"ty":5,"nm":"read more","sr":1,"ks":{"o":{"a":0,"k":100,"ix":11},"r":{"a":0,"k":0,"ix":10},"p":{"a":0,"k":[242.5,12,0],"ix":2,"l":2},"a":{"a":0,"k":[0,0,0],"ix":1,"l":2},"s":{"a":0,"k":[100,100,100],"ix":6,"l":2}},"ao":0,"t":{"d":{"k":[{"s":{"sz":[135,24],"ps":[-67.5,-12],"s":24,"f":"WorkSans-BoldItalic","t":"READ MORE","ca":0,"j":2,"tr":-40,"lh":24,"ls":0,"fc":[0.118,0.118,0.129]},"t":0}]},"p":{},"m":{"g":1,"a":{"a":0,"k":[0,0],"ix":2}},"a":[]},"ip":0,"op":900,"st":0,"ct":1,"bm":0},{"ddd":0,"ind":13,"ty":5,"nm":"read more","sr":1,"ks":{"o":{"a":0,"k":100,"ix":11},"r":{"a":0,"k":0,"ix":10},"p":{"a":0,"k":[67.5,12,0],"ix":2,"l":2},"a":{"a":0,"k":[0,0,0],"ix":1,"l":2},"s":{"a":0,"k":[100,100,100],"ix":6,"l":2}},"ao":0,"t":{"d":{"k":[{"s":{"sz":[135,24],"ps":[-67.5,-12],"s":24,"f":"WorkSans-BoldItalic","t":"READ MORE","ca":0,"j":2,"tr":-40,"lh":24,"ls":0,"fc":[0.118,0.118,0.129]},"t":0}]},"p":{},"m":{"g":1,"a":{"a":0,"k":[0,0],"ix":2}},"a":[]},"ip":0,"op":900,"st":0,"ct":1,"bm":0},{"ddd":0,"ind":14,"ty":4,"nm":"Frame 9226","sr":1,"ks":{"o":{"a":0,"k":100,"ix":11},"r":{"a":0,"k":0,"ix":10},"p":{"a":0,"k":[1117.5,12,0],"ix":2,"l":2},"a":{"a":0,"k":[0,0,0],"ix":1,"l":2},"s":{"a":0,"k":[100,100,100],"ix":6,"l":2}},"ao":0,"shapes":[{"ty":"gr","it":[{"ty":"rc","d":1,"s":{"a":0,"k":[2235,24],"ix":2},"p":{"a":0,"k":[0,0],"ix":3},"r":{"a":0,"k":0,"ix":4},"nm":"Rectangle Path 1","mn":"ADBE Vector Shape - Rect","hd":false},{"ty":"tr","p":{"a":0,"k":[0,0],"ix":2},"a":{"a":0,"k":[0,0],"ix":1},"s":{"a":0,"k":[100,100],"ix":3},"r":{"a":0,"k":0,"ix":6},"o":{"a":0,"k":100,"ix":7},"sk":{"a":0,"k":0,"ix":4},"sa":{"a":0,"k":0,"ix":5},"nm":"Transform"}],"nm":"Frame 9226","np":1,"cix":2,"bm":0,"ix":1,"mn":"ADBE Vector Group","hd":false}],"ip":0,"op":900,"st":0,"ct":1,"bm":0}]}],"fonts":{"list":[{"fName":"WorkSans-BoldItalic","fFamily":"Work Sans","fStyle":"Bold Italic","ascent":71.1990356445312}]},"layers":[{"ddd":0,"ind":1,"ty":4,"nm":"Rectangle 176","sr":1,"ks":{"o":{"a":0,"k":100,"ix":11},"r":{"a":0,"k":0,"ix":10},"p":{"a":0,"k":[957,33,0],"ix":2,"l":2},"a":{"a":0,"k":[0,0,0],"ix":1,"l":2},"s":{"a":0,"k":[100,100,100],"ix":6,"l":2}},"ao":0,"shapes":[{"ty":"gr","it":[{"ty":"rc","d":1,"s":{"a":0,"k":[1920,64],"ix":2},"p":{"a":0,"k":[0,0],"ix":3},"r":{"a":0,"k":0,"ix":4},"nm":"Rectangle Path 1","mn":"ADBE Vector Shape - Rect","hd":false},{"ty":"st","c":{"a":0,"k":[0.117647059262,0.117647059262,0.129411771894,1],"ix":3},"o":{"a":0,"k":100,"ix":4},"w":{"a":0,"k":2,"ix":5},"lc":1,"lj":1,"ml":4,"bm":0,"nm":"Stroke 1","mn":"ADBE Vector Graphic - Stroke","hd":false},{"ty":"tr","p":{"a":0,"k":[0,0],"ix":2},"a":{"a":0,"k":[0,0],"ix":1},"s":{"a":0,"k":[100,100],"ix":3},"r":{"a":0,"k":0,"ix":6},"o":{"a":0,"k":100,"ix":7},"sk":{"a":0,"k":0,"ix":4},"sa":{"a":0,"k":0,"ix":5},"nm":"Transform"}],"nm":"Rectangle 176","np":2,"cix":2,"bm":0,"ix":1,"mn":"ADBE Vector Group","hd":false}],"ip":0,"op":660,"st":0,"ct":1,"bm":0},{"ddd":0,"ind":2,"ty":3,"nm":"Null 4","sr":1,"ks":{"o":{"a":0,"k":0,"ix":11},"r":{"a":0,"k":0,"ix":10},"p":{"a":0,"k":[899,-468,0],"ix":2,"l":2},"a":{"a":0,"k":[0,0,0],"ix":1,"l":2},"s":{"a":0,"k":[100,100,100],"ix":6,"l":2}},"ao":0,"ip":0,"op":660,"st":0,"bm":0},{"ddd":0,"ind":3,"ty":0,"nm":"Frame 9227","parent":2,"refId":"comp_0","sr":1,"ks":{"o":{"a":0,"k":100,"ix":11},"r":{"a":0,"k":0,"ix":10},"p":{"a":1,"k":[{"i":{"x":0.52,"y":0.96},"o":{"x":0.48,"y":0.04},"t":0,"s":[-2060.894,504,0],"to":[708.667,0,0],"ti":[-708.667,0,0]},{"t":660,"s":[2191.106,504,0]}],"ix":2,"l":2},"a":{"a":0,"k":[1117.5,12,0],"ix":1,"l":2},"s":{"a":0,"k":[100,100,100],"ix":6,"l":2}},"ao":0,"w":2235,"h":24,"ip":0,"op":660,"st":0,"ct":1,"bm":0}],"markers":[],"chars":[{"ch":"R","size":24,"style":"Bold Italic","w":67.7,"data":{"shapes":[{"ty":"gr","it":[{"ind":0,"ty":"sh","ix":1,"ks":{"a":0,"k":{"i":[[0,0],[0,0],[0,0],[-1.734,-1.166],[0,-2.6],[0.933,-1.566],[1.766,-0.866],[2.6,0],[0,0],[0,0],[0,0],[0,0],[-3.8,1.834],[-2.234,3.334],[0,4.8],[3.966,3.3],[6.8,0],[0,0],[0,0]],"o":[[0,0],[0,0],[2.733,0],[1.733,1.167],[0,1.867],[-0.934,1.567],[-1.767,0.867],[0,0],[0,0],[0,0],[0,0],[4.8,-0.2],[3.8,-1.833],[2.233,-3.333],[0,-5.933],[-3.967,-3.3],[0,0],[0,0],[0,0]],"v":[[18.3,0],[30.6,-53],[40.8,-53],[47.5,-51.25],[50.1,-45.6],[48.7,-40.45],[44.65,-36.8],[38.1,-35.5],[25,-35.5],[22.2,-23.3],[38,-23.3],[41.8,-24.2],[54.7,-27.25],[63.75,-35],[67.1,-47.2],[61.15,-61.05],[45,-66],[16.7,-66],[1.4,0]],"c":true},"ix":2},"nm":"R","mn":"ADBE Vector Shape - Group","hd":false},{"ind":1,"ty":"sh","ix":2,"ks":{"a":0,"k":{"i":[[0,0],[0,0],[0,0],[0,0]],"o":[[0,0],[0,0],[0,0],[0,0]],"v":[[61.5,0],[48.9,-31],[33.3,-28.6],[44.1,0]],"c":true},"ix":2},"nm":"R","mn":"ADBE Vector Shape - Group","hd":false}],"nm":"R","np":5,"cix":2,"bm":0,"ix":1,"mn":"ADBE Vector Group","hd":false}]},"fFamily":"Work Sans"},{"ch":"E","size":24,"style":"Bold Italic","w":62.6,"data":{"shapes":[{"ty":"gr","it":[{"ind":0,"ty":"sh","ix":1,"ks":{"a":0,"k":{"i":[[0,0],[0,0],[0,0],[0,0],[0,0],[0,0],[0,0],[0,0],[0,0],[0,0],[0,0],[0,0]],"o":[[0,0],[0,0],[0,0],[0,0],[0,0],[0,0],[0,0],[0,0],[0,0],[0,0],[0,0],[0,0]],"v":[[53.8,0],[56.9,-13.3],[21.7,-13.3],[24.8,-26.8],[51.7,-26.8],[54.6,-39.3],[27.7,-39.3],[30.8,-52.7],[64.9,-52.7],[68.1,-66],[16.7,-66],[1.4,0]],"c":true},"ix":2},"nm":"E","mn":"ADBE Vector Shape - Group","hd":false}],"nm":"E","np":3,"cix":2,"bm":0,"ix":1,"mn":"ADBE Vector Group","hd":false}]},"fFamily":"Work Sans"},{"ch":"A","size":24,"style":"Bold Italic","w":67.1,"data":{"shapes":[{"ty":"gr","it":[{"ind":0,"ty":"sh","ix":1,"ks":{"a":0,"k":{"i":[[0,0],[0,0],[0,0],[0,0],[0,0],[0,0],[0,0],[0,0]],"o":[[0,0],[0,0],[0,0],[0,0],[0,0],[0,0],[0,0],[0,0]],"v":[[12.4,0],[20.8,-15.5],[43.3,-15.5],[44.6,0],[60.9,0],[53.5,-66],[32.7,-66],[-5.5,0]],"c":true},"ix":2},"nm":"A","mn":"ADBE Vector Shape - Group","hd":false},{"ind":1,"ty":"sh","ix":2,"ks":{"a":0,"k":{"i":[[0,0],[0,0],[0,0]],"o":[[0,0],[0,0],[0,0]],"v":[[40.7,-52.8],[42.7,-27.2],[27,-27.2]],"c":true},"ix":2},"nm":"A","mn":"ADBE Vector Shape - Group","hd":false}],"nm":"A","np":5,"cix":2,"bm":0,"ix":1,"mn":"ADBE Vector Group","hd":false}]},"fFamily":"Work Sans"},{"ch":"D","size":24,"style":"Bold Italic","w":70.8,"data":{"shapes":[{"ty":"gr","it":[{"ind":0,"ty":"sh","ix":1,"ks":{"a":0,"k":{"i":[[0,0],[-4.567,1.9],[-3.2,3.434],[-1.667,4.767],[0,5.8],[2.2,4.067],[4.233,2.267],[6.266,0],[0,0],[0,0]],"o":[[5.733,0],[4.566,-1.9],[3.2,-3.433],[1.666,-4.766],[0,-5.333],[-2.2,-4.066],[-4.234,-2.266],[0,0],[0,0],[0,0]],"v":[[31.8,0],[47.25,-2.85],[58.9,-10.85],[66.2,-23.15],[68.7,-39],[65.4,-53.1],[55.75,-62.6],[40,-66],[16.7,-66],[1.4,0]],"c":true},"ix":2},"nm":"D","mn":"ADBE Vector Shape - Group","hd":false},{"ind":1,"ty":"sh","ix":2,"ks":{"a":0,"k":{"i":[[0,0],[0,0],[-1.934,-1.166],[-0.967,-2.1],[0,-2.866],[0.833,-3.066],[1.666,-2.5],[2.533,-1.466],[3.333,0],[0,0]],"o":[[0,0],[3,0],[1.933,1.167],[0.966,2.1],[0,3.2],[-0.834,3.067],[-1.667,2.5],[-2.534,1.467],[0,0],[0,0]],"v":[[30.9,-53],[38.1,-53],[45.5,-51.25],[49.85,-46.35],[51.3,-38.9],[50.05,-29.5],[46.3,-21.15],[40,-15.2],[31.2,-13],[21.6,-13]],"c":true},"ix":2},"nm":"D","mn":"ADBE Vector Shape - Group","hd":false}],"nm":"D","np":5,"cix":2,"bm":0,"ix":1,"mn":"ADBE Vector Group","hd":false}]},"fFamily":"Work Sans"},{"ch":" ","size":24,"style":"Bold Italic","w":28.4,"data":{},"fFamily":"Work Sans"},{"ch":"M","size":24,"style":"Bold Italic","w":90.4,"data":{"shapes":[{"ty":"gr","it":[{"ind":0,"ty":"sh","ix":1,"ks":{"a":0,"k":{"i":[[0,0],[0,0],[0,0],[0,0],[0,0],[0,0],[0,0],[0,0],[0,0],[0,0],[0,0],[0,0],[0,0],[0,0],[0,0],[0,0],[0,0],[0,0],[0,0],[0,0]],"o":[[0,0],[0,0],[0,0],[0,0],[0,0],[0,0],[0,0],[0,0],[0,0],[0,0],[0,0],[0,0],[0,0],[0,0],[0,0],[0,0],[0,0],[0,0],[0,0],[0,0]],"v":[[16.6,0],[23.6,-30.3],[27.2,-49.4],[27.4,-49.4],[32.8,0],[46,0],[73.7,-49.8],[73.9,-49.8],[69.2,-30.3],[62.2,0],[77.4,0],[92.7,-66],[68.1,-66],[50.6,-34],[42.6,-17.7],[42.5,-17.7],[41.6,-34],[38.4,-66],[16.7,-66],[1.4,0]],"c":true},"ix":2},"nm":"M","mn":"ADBE Vector Shape - Group","hd":false}],"nm":"M","np":3,"cix":2,"bm":0,"ix":1,"mn":"ADBE Vector Group","hd":false}]},"fFamily":"Work Sans"},{"ch":"O","size":24,"style":"Bold Italic","w":73.2,"data":{"shapes":[{"ty":"gr","it":[{"ind":0,"ty":"sh","ix":1,"ks":{"a":0,"k":{"i":[[-4.4,1.966],[-3.034,3.567],[-1.567,4.7],[0,5.467],[2.6,4.3],[4.4,2.3],[5.533,0],[4.433,-1.966],[3.033,-3.533],[1.566,-4.733],[0,-5.466],[-2.6,-4.366],[-4.467,-2.266],[-5.467,0]],"o":[[4.4,-1.966],[3.033,-3.566],[1.566,-4.7],[0,-6.2],[-2.6,-4.3],[-4.4,-2.3],[-5.667,0],[-4.434,1.967],[-3.034,3.534],[-1.567,4.734],[0,6.134],[2.6,4.367],[4.466,2.267],[5.666,0]],"v":[[50.5,-1.95],[61.65,-10.25],[68.55,-22.65],[70.9,-37.9],[67,-53.65],[56.5,-63.55],[41.6,-67],[26.45,-64.05],[15.25,-55.8],[8.35,-43.4],[6,-28.1],[9.9,-12.35],[20.5,-2.4],[35.4,1]],"c":true},"ix":2},"nm":"O","mn":"ADBE Vector Shape - Group","hd":false},{"ind":1,"ty":"sh","ix":2,"ks":{"a":0,"k":{"i":[[1.9,1.134],[1,2.134],[0,3.067],[-0.734,3.1],[-1.467,2.634],[-2.2,1.6],[-2.934,0],[-1.867,-1.133],[-1,-2.133],[0,-3.066],[0.733,-3.133],[1.466,-2.633],[2.166,-1.6],[3,0]],"o":[[-1.9,-1.133],[-1,-2.133],[0,-3.066],[0.733,-3.1],[1.466,-2.633],[2.2,-1.6],[2.733,0],[1.866,1.134],[1,2.134],[0,3],[-0.734,3.134],[-1.467,2.634],[-2.167,1.6],[-2.667,0]],"v":[[29.15,-14.2],[24.8,-19.1],[23.3,-26.9],[24.4,-36.15],[27.7,-44.75],[33.2,-51.1],[40.9,-53.5],[47.8,-51.8],[52.1,-46.9],[53.6,-39.1],[52.5,-29.9],[49.2,-21.25],[43.75,-14.9],[36,-12.5]],"c":true},"ix":2},"nm":"O","mn":"ADBE Vector Shape - Group","hd":false}],"nm":"O","np":5,"cix":2,"bm":0,"ix":1,"mn":"ADBE Vector Group","hd":false}]},"fFamily":"Work Sans"}]}