{"v":"5.10.0","fr":30,"ip":0,"op":661,"w":1920,"h":136,"nm":"ticker 2","ddd":0,"assets":[{"id":"comp_0","nm":"Frame 9229","fr":30,"layers":[{"ddd":0,"ind":1,"ty":5,"nm":"scrabit","sr":1,"ks":{"o":{"a":0,"k":100,"ix":11},"r":{"a":0,"k":0,"ix":10},"p":{"a":0,"k":[5668,48,0],"ix":2,"l":2},"a":{"a":0,"k":[0,0,0],"ix":1,"l":2},"s":{"a":0,"k":[100,100,100],"ix":6,"l":2}},"ao":0,"t":{"d":{"k":[{"s":{"sz":[392,96],"ps":[-196,-48],"s":94,"f":"WorkSans-BoldItalic","t":"SCRABIT","ca":0,"j":2,"tr":-40,"lh":96,"ls":0,"fc":[0.118,0.118,0.129]},"t":0}]},"p":{},"m":{"g":1,"a":{"a":0,"k":[0,0],"ix":2}},"a":[]},"ip":0,"op":900,"st":0,"ct":1,"bm":0},{"ddd":0,"ind":2,"ty":5,"nm":"scrabit","sr":1,"ks":{"o":{"a":0,"k":100,"ix":11},"r":{"a":0,"k":0,"ix":10},"p":{"a":0,"k":[5212,48,0],"ix":2,"l":2},"a":{"a":0,"k":[0,0,0],"ix":1,"l":2},"s":{"a":0,"k":[100,100,100],"ix":6,"l":2}},"ao":0,"t":{"d":{"k":[{"s":{"sz":[392,96],"ps":[-196,-48],"s":94,"f":"WorkSans-BoldItalic","t":"SCRABIT","ca":0,"j":2,"tr":-40,"lh":96,"ls":0,"fc":[0.118,0.118,0.129]},"t":0}]},"p":{},"m":{"g":1,"a":{"a":0,"k":[0,0],"ix":2}},"a":[]},"ip":0,"op":900,"st":0,"ct":1,"bm":0},{"ddd":0,"ind":3,"ty":5,"nm":"scrabit","sr":1,"ks":{"o":{"a":0,"k":100,"ix":11},"r":{"a":0,"k":0,"ix":10},"p":{"a":0,"k":[4756,48,0],"ix":2,"l":2},"a":{"a":0,"k":[0,0,0],"ix":1,"l":2},"s":{"a":0,"k":[100,100,100],"ix":6,"l":2}},"ao":0,"t":{"d":{"k":[{"s":{"sz":[392,96],"ps":[-196,-48],"s":94,"f":"WorkSans-BoldItalic","t":"SCRABIT","ca":0,"j":2,"tr":-40,"lh":96,"ls":0,"fc":[0.118,0.118,0.129]},"t":0}]},"p":{},"m":{"g":1,"a":{"a":0,"k":[0,0],"ix":2}},"a":[]},"ip":0,"op":900,"st":0,"ct":1,"bm":0},{"ddd":0,"ind":4,"ty":5,"nm":"scrabit","sr":1,"ks":{"o":{"a":0,"k":100,"ix":11},"r":{"a":0,"k":0,"ix":10},"p":{"a":0,"k":[4300,48,0],"ix":2,"l":2},"a":{"a":0,"k":[0,0,0],"ix":1,"l":2},"s":{"a":0,"k":[100,100,100],"ix":6,"l":2}},"ao":0,"t":{"d":{"k":[{"s":{"sz":[392,96],"ps":[-196,-48],"s":94,"f":"WorkSans-BoldItalic","t":"SCRABIT","ca":0,"j":2,"tr":-40,"lh":96,"ls":0,"fc":[0.118,0.118,0.129]},"t":0}]},"p":{},"m":{"g":1,"a":{"a":0,"k":[0,0],"ix":2}},"a":[]},"ip":0,"op":900,"st":0,"ct":1,"bm":0},{"ddd":0,"ind":5,"ty":5,"nm":"scrabit","sr":1,"ks":{"o":{"a":0,"k":100,"ix":11},"r":{"a":0,"k":0,"ix":10},"p":{"a":0,"k":[3844,48,0],"ix":2,"l":2},"a":{"a":0,"k":[0,0,0],"ix":1,"l":2},"s":{"a":0,"k":[100,100,100],"ix":6,"l":2}},"ao":0,"t":{"d":{"k":[{"s":{"sz":[392,96],"ps":[-196,-48],"s":94,"f":"WorkSans-BoldItalic","t":"SCRABIT","ca":0,"j":2,"tr":-40,"lh":96,"ls":0,"fc":[0.118,0.118,0.129]},"t":0}]},"p":{},"m":{"g":1,"a":{"a":0,"k":[0,0],"ix":2}},"a":[]},"ip":0,"op":900,"st":0,"ct":1,"bm":0},{"ddd":0,"ind":6,"ty":5,"nm":"scrabit","sr":1,"ks":{"o":{"a":0,"k":100,"ix":11},"r":{"a":0,"k":0,"ix":10},"p":{"a":0,"k":[3388,48,0],"ix":2,"l":2},"a":{"a":0,"k":[0,0,0],"ix":1,"l":2},"s":{"a":0,"k":[100,100,100],"ix":6,"l":2}},"ao":0,"t":{"d":{"k":[{"s":{"sz":[392,96],"ps":[-196,-48],"s":94,"f":"WorkSans-BoldItalic","t":"SCRABIT","ca":0,"j":2,"tr":-40,"lh":96,"ls":0,"fc":[0.118,0.118,0.129]},"t":0}]},"p":{},"m":{"g":1,"a":{"a":0,"k":[0,0],"ix":2}},"a":[]},"ip":0,"op":900,"st":0,"ct":1,"bm":0},{"ddd":0,"ind":7,"ty":5,"nm":"scrabit","sr":1,"ks":{"o":{"a":0,"k":100,"ix":11},"r":{"a":0,"k":0,"ix":10},"p":{"a":0,"k":[2932,48,0],"ix":2,"l":2},"a":{"a":0,"k":[0,0,0],"ix":1,"l":2},"s":{"a":0,"k":[100,100,100],"ix":6,"l":2}},"ao":0,"t":{"d":{"k":[{"s":{"sz":[392,96],"ps":[-196,-48],"s":94,"f":"WorkSans-BoldItalic","t":"SCRABIT","ca":0,"j":2,"tr":-40,"lh":96,"ls":0,"fc":[0.118,0.118,0.129]},"t":0}]},"p":{},"m":{"g":1,"a":{"a":0,"k":[0,0],"ix":2}},"a":[]},"ip":0,"op":900,"st":0,"ct":1,"bm":0},{"ddd":0,"ind":8,"ty":5,"nm":"scrabit","sr":1,"ks":{"o":{"a":0,"k":100,"ix":11},"r":{"a":0,"k":0,"ix":10},"p":{"a":0,"k":[2476,48,0],"ix":2,"l":2},"a":{"a":0,"k":[0,0,0],"ix":1,"l":2},"s":{"a":0,"k":[100,100,100],"ix":6,"l":2}},"ao":0,"t":{"d":{"k":[{"s":{"sz":[392,96],"ps":[-196,-48],"s":94,"f":"WorkSans-BoldItalic","t":"SCRABIT","ca":0,"j":2,"tr":-40,"lh":96,"ls":0,"fc":[0.118,0.118,0.129]},"t":0}]},"p":{},"m":{"g":1,"a":{"a":0,"k":[0,0],"ix":2}},"a":[]},"ip":0,"op":900,"st":0,"ct":1,"bm":0},{"ddd":0,"ind":9,"ty":5,"nm":"scrabit","sr":1,"ks":{"o":{"a":0,"k":100,"ix":11},"r":{"a":0,"k":0,"ix":10},"p":{"a":0,"k":[2020,48,0],"ix":2,"l":2},"a":{"a":0,"k":[0,0,0],"ix":1,"l":2},"s":{"a":0,"k":[100,100,100],"ix":6,"l":2}},"ao":0,"t":{"d":{"k":[{"s":{"sz":[392,96],"ps":[-196,-48],"s":94,"f":"WorkSans-BoldItalic","t":"SCRABIT","ca":0,"j":2,"tr":-40,"lh":96,"ls":0,"fc":[0.118,0.118,0.129]},"t":0}]},"p":{},"m":{"g":1,"a":{"a":0,"k":[0,0],"ix":2}},"a":[]},"ip":0,"op":900,"st":0,"ct":1,"bm":0},{"ddd":0,"ind":10,"ty":5,"nm":"scrabit","sr":1,"ks":{"o":{"a":0,"k":100,"ix":11},"r":{"a":0,"k":0,"ix":10},"p":{"a":0,"k":[1564,48,0],"ix":2,"l":2},"a":{"a":0,"k":[0,0,0],"ix":1,"l":2},"s":{"a":0,"k":[100,100,100],"ix":6,"l":2}},"ao":0,"t":{"d":{"k":[{"s":{"sz":[392,96],"ps":[-196,-48],"s":94,"f":"WorkSans-BoldItalic","t":"SCRABIT","ca":0,"j":2,"tr":-40,"lh":96,"ls":0,"fc":[0.118,0.118,0.129]},"t":0}]},"p":{},"m":{"g":1,"a":{"a":0,"k":[0,0],"ix":2}},"a":[]},"ip":0,"op":900,"st":0,"ct":1,"bm":0},{"ddd":0,"ind":11,"ty":5,"nm":"scrabit","sr":1,"ks":{"o":{"a":0,"k":100,"ix":11},"r":{"a":0,"k":0,"ix":10},"p":{"a":0,"k":[1108,48,0],"ix":2,"l":2},"a":{"a":0,"k":[0,0,0],"ix":1,"l":2},"s":{"a":0,"k":[100,100,100],"ix":6,"l":2}},"ao":0,"t":{"d":{"k":[{"s":{"sz":[392,96],"ps":[-196,-48],"s":94,"f":"WorkSans-BoldItalic","t":"SCRABIT","ca":0,"j":2,"tr":-40,"lh":96,"ls":0,"fc":[0.118,0.118,0.129]},"t":0}]},"p":{},"m":{"g":1,"a":{"a":0,"k":[0,0],"ix":2}},"a":[]},"ip":0,"op":900,"st":0,"ct":1,"bm":0},{"ddd":0,"ind":12,"ty":5,"nm":"scrabit","sr":1,"ks":{"o":{"a":0,"k":100,"ix":11},"r":{"a":0,"k":0,"ix":10},"p":{"a":0,"k":[652,48,0],"ix":2,"l":2},"a":{"a":0,"k":[0,0,0],"ix":1,"l":2},"s":{"a":0,"k":[100,100,100],"ix":6,"l":2}},"ao":0,"t":{"d":{"k":[{"s":{"sz":[392,96],"ps":[-196,-48],"s":94,"f":"WorkSans-BoldItalic","t":"SCRABIT","ca":0,"j":2,"tr":-40,"lh":96,"ls":0,"fc":[0.118,0.118,0.129]},"t":0}]},"p":{},"m":{"g":1,"a":{"a":0,"k":[0,0],"ix":2}},"a":[]},"ip":0,"op":900,"st":0,"ct":1,"bm":0},{"ddd":0,"ind":13,"ty":5,"nm":"scrabit","sr":1,"ks":{"o":{"a":0,"k":100,"ix":11},"r":{"a":0,"k":0,"ix":10},"p":{"a":0,"k":[196,48,0],"ix":2,"l":2},"a":{"a":0,"k":[0,0,0],"ix":1,"l":2},"s":{"a":0,"k":[100,100,100],"ix":6,"l":2}},"ao":0,"t":{"d":{"k":[{"s":{"sz":[392,96],"ps":[-196,-48],"s":94,"f":"WorkSans-BoldItalic","t":"SCRABIT","ca":0,"j":2,"tr":-40,"lh":96,"ls":0,"fc":[0.118,0.118,0.129]},"t":0}]},"p":{},"m":{"g":1,"a":{"a":0,"k":[0,0],"ix":2}},"a":[]},"ip":0,"op":900,"st":0,"ct":1,"bm":0},{"ddd":0,"ind":14,"ty":4,"nm":"Frame 9226","sr":1,"ks":{"o":{"a":0,"k":100,"ix":11},"r":{"a":0,"k":0,"ix":10},"p":{"a":0,"k":[2932,48,0],"ix":2,"l":2},"a":{"a":0,"k":[0,0,0],"ix":1,"l":2},"s":{"a":0,"k":[100,100,100],"ix":6,"l":2}},"ao":0,"shapes":[{"ty":"gr","it":[{"ty":"rc","d":1,"s":{"a":0,"k":[5864,96],"ix":2},"p":{"a":0,"k":[0,0],"ix":3},"r":{"a":0,"k":0,"ix":4},"nm":"Rectangle Path 1","mn":"ADBE Vector Shape - Rect","hd":false},{"ty":"tr","p":{"a":0,"k":[0,0],"ix":2},"a":{"a":0,"k":[0,0],"ix":1},"s":{"a":0,"k":[100,100],"ix":3},"r":{"a":0,"k":0,"ix":6},"o":{"a":0,"k":100,"ix":7},"sk":{"a":0,"k":0,"ix":4},"sa":{"a":0,"k":0,"ix":5},"nm":"Transform"}],"nm":"Frame 9226","np":1,"cix":2,"bm":0,"ix":1,"mn":"ADBE Vector Group","hd":false}],"ip":0,"op":900,"st":0,"ct":1,"bm":0}]}],"fonts":{"list":[{"fName":"WorkSans-BoldItalic","fFamily":"Work Sans","fStyle":"Bold Italic","ascent":71.1990356445312}]},"layers":[{"ddd":0,"ind":1,"ty":3,"nm":"Null 5","sr":1,"ks":{"o":{"a":0,"k":0,"ix":11},"r":{"a":0,"k":0,"ix":10},"p":{"a":0,"k":[960,508,0],"ix":2,"l":2},"a":{"a":0,"k":[0,0,0],"ix":1,"l":2},"s":{"a":0,"k":[100,100,100],"ix":6,"l":2}},"ao":0,"ip":0,"op":662,"st":0,"bm":0},{"ddd":0,"ind":2,"ty":4,"nm":"Rectangle 177","parent":1,"sr":1,"ks":{"o":{"a":0,"k":100,"ix":11},"r":{"a":0,"k":0,"ix":10},"p":{"a":0,"k":[-3,-440,0],"ix":2,"l":2},"a":{"a":0,"k":[0,0,0],"ix":1,"l":2},"s":{"a":0,"k":[205,205,100],"ix":6,"l":2}},"ao":0,"shapes":[{"ty":"gr","it":[{"ty":"rc","d":1,"s":{"a":0,"k":[1920,64],"ix":2},"p":{"a":0,"k":[0,0],"ix":3},"r":{"a":0,"k":0,"ix":4},"nm":"Rectangle Path 1","mn":"ADBE Vector Shape - Rect","hd":false},{"ty":"st","c":{"a":0,"k":[0.117647059262,0.117647059262,0.129411771894,1],"ix":3},"o":{"a":0,"k":100,"ix":4},"w":{"a":0,"k":2,"ix":5},"lc":1,"lj":1,"ml":4,"bm":0,"nm":"Stroke 1","mn":"ADBE Vector Graphic - Stroke","hd":false},{"ty":"tr","p":{"a":0,"k":[0,0],"ix":2},"a":{"a":0,"k":[0,0],"ix":1},"s":{"a":0,"k":[100,100],"ix":3},"r":{"a":0,"k":0,"ix":6},"o":{"a":0,"k":100,"ix":7},"sk":{"a":0,"k":0,"ix":4},"sa":{"a":0,"k":0,"ix":5},"nm":"Transform"}],"nm":"Rectangle 176","np":2,"cix":2,"bm":0,"ix":1,"mn":"ADBE Vector Group","hd":false}],"ip":0,"op":662,"st":0,"ct":1,"bm":0},{"ddd":0,"ind":3,"ty":0,"nm":"Frame 9229","parent":1,"refId":"comp_0","sr":1,"ks":{"o":{"a":0,"k":100,"ix":11},"r":{"a":0,"k":0,"ix":10},"p":{"a":1,"k":[{"i":{"x":0.52,"y":0.96},"o":{"x":0.48,"y":0.04},"t":0,"s":[-3935,-429,0],"to":[1309.5,0,0],"ti":[-1309.5,0,0]},{"t":660,"s":[3922,-429,0]}],"ix":2,"l":2},"a":{"a":0,"k":[2932,48,0],"ix":1,"l":2},"s":{"a":0,"k":[100,100,100],"ix":6,"l":2}},"ao":0,"w":5864,"h":96,"ip":0,"op":662,"st":0,"bm":0}],"markers":[],"chars":[{"ch":"S","size":94,"style":"Bold Italic","w":63.8,"data":{"shapes":[{"ty":"gr","it":[{"ind":0,"ty":"sh","ix":1,"ks":{"a":0,"k":{"i":[[-4.067,1.733],[-2.367,3.267],[0,4.534],[2.6,2.767],[5,1.6],[0,0],[1.3,1.1],[0,1.334],[-0.634,0.9],[-1.334,0.534],[-2,0],[-2.334,-0.733],[-1.967,-1.5],[-1.4,-2.333],[0,0],[4.733,2.434],[6.866,0],[4.033,-1.666],[2.3,-3.133],[0,-4.466],[-1.4,-2.4],[-2.434,-1.633],[-3,-1],[0,0],[-1.067,-0.833],[0,-1.466],[0.666,-1],[1.3,-0.6],[2.066,0],[2.866,0.967],[2.433,1.967],[1.6,2.8],[0,0],[-3.3,-2.4],[-4.134,-1.233],[-4.667,0]],"o":[[4.066,-1.733],[2.366,-3.266],[0,-4.466],[-2.6,-2.766],[0,0],[-2.134,-0.666],[-1.3,-1.1],[0,-1.2],[0.633,-0.9],[1.333,-0.533],[2.4,0],[2.333,0.734],[1.966,1.5],[0,0],[-3.067,-4.4],[-4.734,-2.433],[-5.2,0],[-4.034,1.667],[-2.3,3.134],[0,3.134],[1.4,2.4],[2.433,1.634],[0,0],[2.133,0.667],[1.066,0.834],[0,1.134],[-0.667,1],[-1.3,0.6],[-2.867,0],[-2.867,-0.966],[-2.434,-1.966],[0,0],[2.333,3.667],[3.3,2.4],[4.133,1.233],[5,0]],"v":[[46.8,-1.5],[56.45,-9],[60,-20.7],[56.1,-31.55],[44.7,-38.1],[34.8,-41.3],[29.65,-43.95],[27.7,-47.6],[28.65,-50.75],[31.6,-52.9],[36.6,-53.7],[43.7,-52.6],[50.15,-49.25],[55.2,-43.5],[65.7,-53.1],[54,-63.35],[36.6,-67],[22.75,-64.5],[13.25,-57.3],[9.8,-45.9],[11.9,-37.6],[17.65,-31.55],[25.8,-27.6],[35.7,-24.4],[40.5,-22.15],[42.1,-18.7],[41.1,-15.5],[38.15,-13.1],[33.1,-12.2],[24.5,-13.65],[16.55,-18.05],[10.5,-25.2],[0.4,-15.3],[8.85,-6.2],[20,-0.75],[33.2,1.1]],"c":true},"ix":2},"nm":"S","mn":"ADBE Vector Shape - Group","hd":false}],"nm":"S","np":3,"cix":2,"bm":0,"ix":1,"mn":"ADBE Vector Group","hd":false}]},"fFamily":"Work Sans"},{"ch":"C","size":94,"style":"Bold Italic","w":67.8,"data":{"shapes":[{"ty":"gr","it":[{"ind":0,"ty":"sh","ix":1,"ks":{"a":0,"k":{"i":[[-4.734,3.067],[-2.867,5.267],[0,0],[1.933,-1.766],[3.4,0],[2.033,1.2],[1.066,2.167],[0,3.067],[-0.7,3.067],[-1.534,2.6],[-2.267,1.634],[-3.067,0],[-1.867,-1.9],[-0.4,-4],[0,0],[2.466,3.167],[3.866,1.667],[4.933,0],[4.433,-2],[3.066,-3.6],[1.6,-4.766],[0,-5.6],[-2.6,-4.266],[-4.467,-2.266],[-5.667,0]],"o":[[4.733,-3.066],[0,0],[-1.334,2.867],[-1.934,1.767],[-2.8,0],[-2.034,-1.2],[-1.067,-2.166],[0,-2.933],[0.7,-3.066],[1.533,-2.6],[2.266,-1.633],[3.6,0],[1.866,1.9],[0,0],[-0.8,-4.666],[-2.467,-3.166],[-3.867,-1.666],[-5.734,0],[-4.434,2],[-3.067,3.6],[-1.6,4.767],[0,5.934],[2.6,4.267],[4.466,2.267],[7.266,0]],"v":[[53.6,-3.6],[65,-16.1],[49.6,-22.1],[44.7,-15.15],[36.7,-12.5],[29.45,-14.3],[24.8,-19.35],[23.2,-27.2],[24.25,-36.2],[27.6,-44.7],[33.3,-51.05],[41.3,-53.5],[49.5,-50.65],[52.9,-41.8],[69.4,-45.5],[64.5,-57.25],[55,-64.5],[41.8,-67],[26.55,-64],[15.3,-55.6],[8.3,-43.05],[5.9,-27.5],[9.8,-12.2],[20.4,-2.4],[35.6,1]],"c":true},"ix":2},"nm":"C","mn":"ADBE Vector Shape - Group","hd":false}],"nm":"C","np":3,"cix":2,"bm":0,"ix":1,"mn":"ADBE Vector Group","hd":false}]},"fFamily":"Work Sans"},{"ch":"R","size":94,"style":"Bold Italic","w":67.7,"data":{"shapes":[{"ty":"gr","it":[{"ind":0,"ty":"sh","ix":1,"ks":{"a":0,"k":{"i":[[0,0],[0,0],[0,0],[-1.734,-1.166],[0,-2.6],[0.933,-1.566],[1.766,-0.866],[2.6,0],[0,0],[0,0],[0,0],[0,0],[-3.8,1.834],[-2.234,3.334],[0,4.8],[3.966,3.3],[6.8,0],[0,0],[0,0]],"o":[[0,0],[0,0],[2.733,0],[1.733,1.167],[0,1.867],[-0.934,1.567],[-1.767,0.867],[0,0],[0,0],[0,0],[0,0],[4.8,-0.2],[3.8,-1.833],[2.233,-3.333],[0,-5.933],[-3.967,-3.3],[0,0],[0,0],[0,0]],"v":[[18.3,0],[30.6,-53],[40.8,-53],[47.5,-51.25],[50.1,-45.6],[48.7,-40.45],[44.65,-36.8],[38.1,-35.5],[25,-35.5],[22.2,-23.3],[38,-23.3],[41.8,-24.2],[54.7,-27.25],[63.75,-35],[67.1,-47.2],[61.15,-61.05],[45,-66],[16.7,-66],[1.4,0]],"c":true},"ix":2},"nm":"R","mn":"ADBE Vector Shape - Group","hd":false},{"ind":1,"ty":"sh","ix":2,"ks":{"a":0,"k":{"i":[[0,0],[0,0],[0,0],[0,0]],"o":[[0,0],[0,0],[0,0],[0,0]],"v":[[61.5,0],[48.9,-31],[33.3,-28.6],[44.1,0]],"c":true},"ix":2},"nm":"R","mn":"ADBE Vector Shape - Group","hd":false}],"nm":"R","np":5,"cix":2,"bm":0,"ix":1,"mn":"ADBE Vector Group","hd":false}]},"fFamily":"Work Sans"},{"ch":"A","size":94,"style":"Bold Italic","w":67.1,"data":{"shapes":[{"ty":"gr","it":[{"ind":0,"ty":"sh","ix":1,"ks":{"a":0,"k":{"i":[[0,0],[0,0],[0,0],[0,0],[0,0],[0,0],[0,0],[0,0]],"o":[[0,0],[0,0],[0,0],[0,0],[0,0],[0,0],[0,0],[0,0]],"v":[[12.4,0],[20.8,-15.5],[43.3,-15.5],[44.6,0],[60.9,0],[53.5,-66],[32.7,-66],[-5.5,0]],"c":true},"ix":2},"nm":"A","mn":"ADBE Vector Shape - Group","hd":false},{"ind":1,"ty":"sh","ix":2,"ks":{"a":0,"k":{"i":[[0,0],[0,0],[0,0]],"o":[[0,0],[0,0],[0,0]],"v":[[40.7,-52.8],[42.7,-27.2],[27,-27.2]],"c":true},"ix":2},"nm":"A","mn":"ADBE Vector Shape - Group","hd":false}],"nm":"A","np":5,"cix":2,"bm":0,"ix":1,"mn":"ADBE Vector Group","hd":false}]},"fFamily":"Work Sans"},{"ch":"B","size":94,"style":"Bold Italic","w":68.3,"data":{"shapes":[{"ty":"gr","it":[{"ind":0,"ty":"sh","ix":1,"ks":{"a":0,"k":{"i":[[0,0],[-3.834,1.467],[-2.167,2.934],[0,4.467],[2.266,2.334],[3.6,0.334],[0,0],[-2.334,1.534],[-1.4,2.5],[0,3.334],[3.5,2.734],[6.133,0],[0,0],[0,0]],"o":[[5.133,0],[3.833,-1.466],[2.166,-2.933],[0,-3.466],[-2.267,-2.333],[0,0],[2.933,-0.533],[2.333,-1.533],[1.4,-2.5],[0,-4.8],[-3.5,-2.733],[0,0],[0,0],[0,0]],"v":[[38,0],[51.45,-2.2],[60.45,-8.8],[63.7,-19.9],[60.3,-28.6],[51.5,-32.6],[51.5,-32.7],[59.4,-35.8],[65,-41.85],[67.1,-50.6],[61.85,-61.9],[47.4,-66],[16.7,-66],[1.4,0]],"c":true},"ix":2},"nm":"B","mn":"ADBE Vector Shape - Group","hd":false},{"ind":1,"ty":"sh","ix":2,"ks":{"a":0,"k":{"i":[[0,0],[0,0],[-1.2,-0.466],[-0.6,-0.933],[0,-1.333],[1.966,-1.4],[3.533,0],[0,0]],"o":[[0,0],[1.8,0],[1.2,0.467],[0.6,0.934],[0,2.734],[-1.967,1.4],[0,0],[0,0]],"v":[[24.2,-26.6],[38.2,-26.6],[42.7,-25.9],[45.4,-23.8],[46.3,-20.4],[43.35,-14.2],[35.1,-12.1],[20.8,-12.1]],"c":true},"ix":2},"nm":"B","mn":"ADBE Vector Shape - Group","hd":false},{"ind":2,"ty":"sh","ix":3,"ks":{"a":0,"k":{"i":[[0,0],[0,0],[-1.434,-0.933],[0,-2.133],[0.8,-1.266],[1.566,-0.733],[2.2,0],[0,0]],"o":[[0,0],[2.333,0],[1.433,0.934],[0,1.667],[-0.8,1.267],[-1.567,0.734],[0,0],[0,0]],"v":[[30.4,-53.4],[41.8,-53.4],[47.45,-52],[49.6,-47.4],[48.4,-43],[44.85,-40],[39.2,-38.9],[27,-38.9]],"c":true},"ix":2},"nm":"B","mn":"ADBE Vector Shape - Group","hd":false}],"nm":"B","np":6,"cix":2,"bm":0,"ix":1,"mn":"ADBE Vector Group","hd":false}]},"fFamily":"Work Sans"},{"ch":"I","size":94,"style":"Bold Italic","w":31.6,"data":{"shapes":[{"ty":"gr","it":[{"ind":0,"ty":"sh","ix":1,"ks":{"a":0,"k":{"i":[[0,0],[0,0],[0,0],[0,0]],"o":[[0,0],[0,0],[0,0],[0,0]],"v":[[16.7,-66],[1.4,0],[18.6,0],[33.9,-66]],"c":true},"ix":2},"nm":"I","mn":"ADBE Vector Shape - Group","hd":false}],"nm":"I","np":3,"cix":2,"bm":0,"ix":1,"mn":"ADBE Vector Group","hd":false}]},"fFamily":"Work Sans"},{"ch":"T","size":94,"style":"Bold Italic","w":64.8,"data":{"shapes":[{"ty":"gr","it":[{"ind":0,"ty":"sh","ix":1,"ks":{"a":0,"k":{"i":[[0,0],[0,0],[0,0],[0,0],[0,0],[0,0],[0,0],[0,0]],"o":[[0,0],[0,0],[0,0],[0,0],[0,0],[0,0],[0,0],[0,0]],"v":[[11.9,-66],[8.8,-52.7],[30.3,-52.7],[18.1,0],[35.3,0],[47.5,-52.7],[68.8,-52.7],[71.9,-66]],"c":true},"ix":2},"nm":"T","mn":"ADBE Vector Shape - Group","hd":false}],"nm":"T","np":3,"cix":2,"bm":0,"ix":1,"mn":"ADBE Vector Group","hd":false}]},"fFamily":"Work Sans"}]}